INSERT INTO customers (id, name, address)
VALUES
    ('019c1a00-0506-73f5-b9ae-b4445a7ce245', 'Мария',  'Россия, г. Москва, Победы пр-т, д. 10 кв.12'),
    ('019c1a00-052a-71a8-b8c6-e1d64396a9fb', 'Иван',   'Россия, г. Москва, Тверская ул., д. 7 кв.45'),
    ('019c1a00-054f-76b6-8ca2-a09f940cef5c', 'Ольга',  'Россия, г. Москва, Невский пр-т, д. 33 кв.18'),
    ('019c1a00-0571-713c-ae58-a09b23e6e232', 'Дмитрий','Россия, г. Москва, Ленина пр-т, д. 5 кв.90');


INSERT INTO catalogs (id, name, parent_id)
VALUES ('019c1a00-0594-731a-b644-f244626db47c', 'Бытовая техника', NULL),
       ('019c1a00-05b8-7330-8227-d45852cce89a', 'Холодильники', '019c1a00-0594-731a-b644-f244626db47c'),
       ('019c1a00-05db-71da-ab91-f21726ff29ea', 'Однокамерные', '019c1a00-05b8-7330-8227-d45852cce89a'),
       ('019c1a00-05fc-7071-95ee-a53d7aa9374d', 'Двухкамерные', '019c1a00-05b8-7330-8227-d45852cce89a'),
       ('019c1a00-061d-71b0-8b07-261f151511a9', 'Смартфоны', NULL),
       ('019c1a00-063f-7664-af02-4c52d387f274', 'Apple', '019c1a00-061d-71b0-8b07-261f151511a9'),
       ('019c1a00-0660-700b-98df-a40065959761', 'Xiaomi', '019c1a00-061d-71b0-8b07-261f151511a9'),
       ('019c1a00-0681-7220-9d09-bbcc94daab52', 'Huawei', '019c1a00-061d-71b0-8b07-261f151511a9');

INSERT INTO products (id, name, stock, price, catalog_id)
VALUES ('019c1a00-06a3-7376-966e-4e9fa9943481', 'Холодильник с морозильником LG GA-B509MLSL', 10, 53299.00, '019c1a00-05db-71da-ab91-f21726ff29ea'),
       ('019c1a00-06c3-722f-aa12-734a13244826', 'Смартфон Apple IPhone 17 Pro Max, 256 GB', 8, 139999.00, '019c1a00-063f-7664-af02-4c52d387f274'),
       ('019c1a00-06e5-7207-8bba-47d21904ac45', 'Смартфон Xiaomi Redmi Note 14, 128 GB', 21, 14999.00, '019c1a00-0660-700b-98df-a40065959761'),
       ('019c1a00-0706-74b9-b81d-1e9289c1b43c', 'Смартфон HUAWEI Pura 80, 256 GB', 10, 54999.00, '019c1a00-0681-7220-9d09-bbcc94daab52');

INSERT INTO orders (id, customer_id, status, total_price, created_at)
VALUES ('019c1a00-0728-7682-90a7-3638c4f9be3e', '019c1a00-0506-73f5-b9ae-b4445a7ce245', 'DRAFT', NULL, '2026-01-03 19:08:00.000000 +00:00'),
       ('019c1a00-074a-74a2-9335-5611f73f9bd7', '019c1a00-052a-71a8-b8c6-e1d64396a9fb', 'PLACED', 183293.00, '2026-01-11 08:17:00.000000 +00:00'),
       ('019c1a00-076b-707b-a071-17d83cc861fe', '019c1a00-054f-76b6-8ca2-a09f940cef5c', 'PLACED', 249997.00, '2026-01-22 14:46:00.000000 +00:00'),
       ('019c1a00-078e-76e7-8ca4-31b74d0fd6ec', '019c1a00-0571-713c-ae58-a09b23e6e232', 'PLACED', 666594.00, '2026-01-29 21:33:00.000000 +00:00');

INSERT INTO order_lines (id, quantity, order_id, product_id, product_name_snapshot)
VALUES ('019c1a00-07af-7315-90b7-7f005c3c8be4', 5, '019c1a00-074a-74a2-9335-5611f73f9bd7', '019c1a00-06e5-7207-8bba-47d21904ac45', 'Смартфон Xiaomi Redmi Note 14, 128 GB'),
       ('019c1a00-07d1-74c2-9d63-81180eeffd53', 1, '019c1a00-074a-74a2-9335-5611f73f9bd7', '019c1a00-06a3-7376-966e-4e9fa9943481', 'Холодильник с морозильником LG GA-B509MLSL'),
       ('019c1a00-07f3-7733-964a-3d57f20bb325', 1, '019c1a00-074a-74a2-9335-5611f73f9bd7', '019c1a00-0706-74b9-b81d-1e9289c1b43c', 'Смартфон HUAWEI Pura 80, 256 GB'),
       ('019c1a00-0814-76f7-ad02-637e0dac1e4c', 2, '019c1a00-076b-707b-a071-17d83cc861fe', '019c1a00-0706-74b9-b81d-1e9289c1b43c', 'Смартфон HUAWEI Pura 80, 256 GB'),
       ('019c1a00-0836-7256-aada-0b0827bd7e2b', 1, '019c1a00-076b-707b-a071-17d83cc861fe', '019c1a00-06c3-722f-aa12-734a13244826', 'Смартфон Apple IPhone 17 Pro Max, 256 GB'),
       ('019c1a00-0857-745a-8f72-5395d8f424a3', 4, '019c1a00-078e-76e7-8ca4-31b74d0fd6ec', '019c1a00-06c3-722f-aa12-734a13244826', 'Смартфон Apple IPhone 17 Pro Max, 256 GB'),
       ('019c1a00-0879-70df-849e-6fd55c8ff92e', 2, '019c1a00-078e-76e7-8ca4-31b74d0fd6ec', '019c1a00-06a3-7376-966e-4e9fa9943481', 'Холодильник с морозильником LG GA-B509MLSL');
